<?xml version="1.0" encoding="UTF-8"?>

<suite name="Suite">
  <test thread-count="5" name="Test">
    <classes>
      <class name="com.ust.pharmeasy.tests.Tests"/>
      <class name="com.ust.pharmeasy.tests.VerifyProductSort"/>
       <class name="com.ust.pharmeasy.tests.VerifyFAQPage"/>
       <class name="com.ust.pharmeasy.tests.VerifyPrescriptionRequiredProducts"/>
       <class name="com.ust.pharmeasy.tests.VerifyOffersCatagory"/>
    </classes>
  </test> <!-- Test -->
</suite> <!-- Suite -->
